{"cameraMode":{"drawMode":0,"name":"Shaded","section":"Shading Mode"},"sceneLighting":true,"audioPlay":false,"sceneViewState":{"m_AlwaysRefresh":false,"showFog":true,"showSkybox":true,"showFlares":true,"showImageEffects":true,"showParticleSystems":true,"showVisualEffectGraphs":true,"m_FxEnabled":true},"in2DMode":false,"pivot":{"x":1.1958929300308228,"y":0.5635764598846436,"z":-0.23147797584533692},"rotation":{"x":0.03568454459309578,"y":-0.963081955909729,"z":0.1621570587158203,"w":0.21193468570709229},"size":1.8585070371627808,"orthographic":false}