{"cameraMode":{"drawMode":0,"name":"Shaded","section":"Shading Mode"},"sceneLighting":true,"audioPlay":false,"sceneViewState":{"m_AlwaysRefresh":false,"showFog":true,"showSkybox":true,"showFlares":true,"showImageEffects":true,"showParticleSystems":true,"showVisualEffectGraphs":true,"m_FxEnabled":true},"in2DMode":false,"pivot":{"x":77.56065368652344,"y":-1472.5594482421875,"z":-0.06648576259613037},"rotation":{"x":-0.35912850499153139,"y":0.09412047266960144,"z":-0.03643109276890755,"w":-0.9278149008750916},"size":3.034921407699585,"orthographic":false}