{"cameraMode":{"drawMode":0,"name":"Shaded","section":"Shading Mode"},"sceneLighting":true,"audioPlay":false,"sceneViewState":{"m_AlwaysRefresh":false,"showFog":true,"showSkybox":true,"showFlares":true,"showImageEffects":true,"showParticleSystems":true,"showVisualEffectGraphs":true,"m_FxEnabled":true},"in2DMode":false,"pivot":{"x":-4.662047386169434,"y":-1.639378547668457,"z":30.158653259277345},"rotation":{"x":-0.3790654242038727,"y":0.010268422774970532,"z":-0.004206498619168997,"w":-0.9253070950508118},"size":15.05655574798584,"orthographic":false}