{"cameraMode":{"drawMode":0,"name":"Shaded","section":"Shading Mode"},"sceneLighting":true,"audioPlay":false,"sceneViewState":{"m_AlwaysRefresh":false,"showFog":true,"showSkybox":true,"showFlares":true,"showImageEffects":true,"showParticleSystems":true,"showVisualEffectGraphs":true,"m_FxEnabled":true},"in2DMode":false,"pivot":{"x":-45.827850341796878,"y":-3.2985877990722658,"z":12.310468673706055},"rotation":{"x":-0.3326452672481537,"y":-0.031963903456926349,"z":0.011282290332019329,"w":-0.9424439072608948},"size":19.460710525512697,"orthographic":false}