{"cameraMode":{"drawMode":0,"name":"Shaded","section":"Shading Mode"},"sceneLighting":true,"audioPlay":false,"sceneViewState":{"m_AlwaysRefresh":false,"showFog":true,"showSkybox":true,"showFlares":true,"showImageEffects":true,"showParticleSystems":true,"showVisualEffectGraphs":true,"m_FxEnabled":true},"in2DMode":false,"pivot":{"x":122.71685028076172,"y":4.813446044921875,"z":24.13483428955078},"rotation":{"x":0.09991996735334397,"y":-0.7755996584892273,"z":0.12700341641902924,"w":0.6101995706558228},"size":37.550235748291019,"orthographic":false}