{"cameraMode":{"drawMode":0,"name":"Shaded","section":"Shading Mode"},"sceneLighting":true,"audioPlay":false,"sceneViewState":{"m_AlwaysRefresh":false,"showFog":true,"showSkybox":true,"showFlares":true,"showImageEffects":true,"showParticleSystems":true,"showVisualEffectGraphs":true,"m_FxEnabled":true},"in2DMode":false,"pivot":{"x":-4.868597984313965,"y":-0.35886573791503909,"z":10.970878601074219},"rotation":{"x":-0.3929428458213806,"y":0.07627706229686737,"z":-0.032727889716625217,"w":-0.9158099293708801},"size":19.211061477661134,"orthographic":false}