{"cameraMode":{"drawMode":0,"name":"Shaded","section":"Shading Mode"},"sceneLighting":true,"audioPlay":false,"sceneViewState":{"m_AlwaysRefresh":false,"showFog":true,"showSkybox":true,"showFlares":true,"showImageEffects":true,"showParticleSystems":true,"showVisualEffectGraphs":true,"m_FxEnabled":true},"in2DMode":false,"pivot":{"x":0.3258998990058899,"y":3.4017105102539064,"z":-0.08513069152832031},"rotation":{"x":-0.33987802267074587,"y":-0.01072381529957056,"z":0.003874779213219881,"w":-0.9404056668281555},"size":15.48928451538086,"orthographic":false}