{"cameraMode":{"drawMode":0,"name":"Shaded","section":"Shading Mode"},"sceneLighting":false,"audioPlay":false,"sceneViewState":{"m_AlwaysRefresh":false,"showFog":true,"showSkybox":false,"showFlares":true,"showImageEffects":true,"showParticleSystems":true,"showVisualEffectGraphs":true,"m_FxEnabled":true},"in2DMode":false,"pivot":{"x":0.043869972229003909,"y":3.717137575149536,"z":1.9240622520446778},"rotation":{"x":-0.20015816390514375,"y":0.7410296201705933,"z":-0.251594603061676,"w":-0.5895161032676697},"size":3.0789377689361574,"orthographic":false}