{"cameraMode":{"drawMode":0,"name":"Shaded","section":"Shading Mode"},"sceneLighting":false,"audioPlay":false,"sceneViewState":{"m_AlwaysRefresh":false,"showFog":true,"showSkybox":false,"showFlares":true,"showImageEffects":true,"showParticleSystems":true,"showVisualEffectGraphs":true,"m_FxEnabled":true},"in2DMode":false,"pivot":{"x":-0.01332712173461914,"y":1.8051953315734864,"z":0.16612327098846436},"rotation":{"x":-0.2561863958835602,"y":-0.07183970510959625,"z":0.01909572444856167,"w":-0.9637687802314758},"size":3.1907155513763429,"orthographic":false}